{
    "accuracy": 0.9700193423597679,
    "precision": 1.0,
    "recall": 0.7753623188405797,
    "f1_score": 0.8734693877551021,
    "confusion_matrix": [
        [
            896,
            0
        ],
        [
            31,
            107
        ]
    ]
}